"STOP_LOCATION_X","STOP_LOCATION_Y","AFTER_6PM"
984781,198509,FALSE
983845,205719,TRUE
999643,228852,FALSE
1000287,230097,FALSE
989173,221221,TRUE
993896,233936,FALSE
998902,236382,FALSE
984485,206525,FALSE
984535,210565,TRUE
997832,231648,FALSE
998582,236358,FALSE
989319,205582,FALSE
986101,215980,FALSE
996606,223175,FALSE
985874,198152,TRUE
1000833,247693,FALSE
999125,227918,TRUE
999125,227918,TRUE
994541,231418,TRUE
994541,231418,TRUE
986081,213355,TRUE
987005,198531,FALSE
987078,215157,FALSE
987078,215157,FALSE
986081,213355,TRUE
999182,226972,TRUE
999430,227309,FALSE
987705,200207,TRUE
988858,218368,TRUE
987877,203672,TRUE
986081,213355,TRUE
1000773,235970,TRUE
989780,203022,FALSE
989780,203022,FALSE
1001264,232832,FALSE
1002974,247561,FALSE
1002787,247223,FALSE
993058,230452,TRUE
987642,204983,FALSE
986913,205705,FALSE
992370,229181,TRUE
987445,215705,TRUE
996454,235686,TRUE
984464,205547,TRUE
984464,205547,FALSE
984464,205547,FALSE
984464,205547,FALSE
986195,213562,FALSE
998794,236194,TRUE
986563,206832,TRUE
985685,204332,FALSE
988088,207063,TRUE
986894,220396,TRUE
986894,220396,TRUE
999505,228758,TRUE
998980,229053,FALSE
998288,227463,FALSE
997376,233927,TRUE
1001091,240445,TRUE
1001091,240445,TRUE
988930,204099,FALSE
990741,217388,TRUE
990741,217388,TRUE
987419,219487,TRUE
986894,220396,TRUE
992319,228328,FALSE
999187,233132,TRUE
989329,224786,FALSE
997719,235742,FALSE
987381,210865,FALSE
1001128,232587,TRUE
988447,211927,FALSE
987526,211899,FALSE
983216,203869,FALSE
989481,202017,TRUE
997567,230540,TRUE
994170,227958,FALSE
991675,228088,TRUE
1000228,229638,FALSE
1000228,229638,FALSE
1000228,229638,FALSE
988622,209908,FALSE
998950,229275,TRUE
998736,227214,FALSE
991675,228088,FALSE
993738,230626,TRUE
983125,199091,FALSE
988451,216208,FALSE
1001138,228832,TRUE
1005784,255941,TRUE
1005784,255941,TRUE
1005784,255941,TRUE
1005784,255941,TRUE
998877,227171,FALSE
1001466,244840,TRUE
998543,231342,FALSE
982117,198020,FALSE
989166,205616,TRUE
992467,213390,FALSE
984156,205247,FALSE
989169,210837,FALSE
988272,213334,FALSE
993693,227951,FALSE
985411,215678,FALSE
989216,211094,TRUE
989216,211094,TRUE
989216,211094,TRUE
990797,228874,FALSE
990797,228874,FALSE
994124,229041,TRUE
994124,229041,TRUE
994124,229041,TRUE
1000815,241810,FALSE
1007445,255616,FALSE
1007445,255616,FALSE
1001478,241381,FALSE
1005686,254817,TRUE
998328,219838,TRUE
989792,224853,FALSE
997776,227324,FALSE
986694,214464,FALSE
988017,215107,TRUE
988017,215107,TRUE
986426,214651,TRUE
1001422,228598,TRUE
991913,228524,TRUE
1001641,247126,TRUE
986617,205869,FALSE
987327,204865,TRUE
987327,204865,TRUE
998248,235453,TRUE
984232,206302,TRUE
991610,225946,FALSE
1001857,231223,TRUE
992469,226862,FALSE
1000851,238155,FALSE
986356,198846,FALSE
988051,202409,FALSE
987888,221560,TRUE
998717,230153,TRUE
991800,228317,TRUE
991315,227947,TRUE
1001612,235038,TRUE
1000347,235557,TRUE
1004580,252956,TRUE
1004580,252956,TRUE
1004580,252956,TRUE
988051,202409,FALSE
981005,197131,FALSE
983213,203860,FALSE
997943,232740,FALSE
987556,219733,FALSE
995163,219720,FALSE
989886,220230,FALSE
992466,230126,FALSE
993863,231716,TRUE
995306,230954,TRUE
1000943,233307,TRUE
987377,200818,FALSE
987891,201001,FALSE
987377,200818,FALSE
993129,214695,TRUE
993129,214695,TRUE
993129,214695,TRUE
993129,214695,TRUE
993129,214695,TRUE
993129,214695,TRUE
991702,213363,TRUE
989233,215218,FALSE
990910,218131,FALSE
990910,218131,FALSE
990910,218131,FALSE
992960,230413,FALSE
1000583,226488,TRUE
993232,231406,TRUE
1001338,229397,FALSE
993977,231430,FALSE
1001477,241257,FALSE
991452,203387,FALSE
1000966,228728,TRUE
983792,204791,FALSE
986628,209783,TRUE
986628,209783,TRUE
987915,214202,TRUE
984974,216940,FALSE
996358,235620,FALSE
996358,235620,FALSE
998760,235584,TRUE
980912,194910,TRUE
985558,210036,FALSE
1002186,247999,FALSE
997165,230781,TRUE
997392,231914,TRUE
999043,233679,FALSE
996870,232828,TRUE
996945,238532,TRUE
983622,209684,TRUE
986886,210824,FALSE
986886,210824,FALSE
986886,210824,FALSE
989261,214011,FALSE
1000973,245579,FALSE
1000973,245579,FALSE
1002590,246866,FALSE
997988,234735,FALSE
983838,206515,FALSE
994223,230049,FALSE
996818,231572,FALSE
983374,206565,FALSE
986660,214737,TRUE
986081,213355,FALSE
1001591,232724,TRUE
1001957,235144,TRUE
997911,232850,FALSE
997911,232850,FALSE
996358,235620,FALSE
1007445,255616,FALSE
1003504,250040,TRUE
1003504,250040,TRUE
1003504,250040,TRUE
1003504,250040,TRUE
1007518,256197,FALSE
1005511,253851,FALSE
1005511,253851,FALSE
999210,239241,FALSE
984103,201021,TRUE
984103,201021,TRUE
987448,200636,TRUE
986913,205705,FALSE
998793,227318,TRUE
998730,226826,TRUE
986286,207906,FALSE
998793,227318,TRUE
1000846,226964,FALSE
1000846,226964,FALSE
1000414,230242,TRUE
998614,239692,FALSE
982457,208201,FALSE
983780,197681,FALSE
989939,210175,FALSE
1003139,231103,FALSE
987660,214517,TRUE
998575,239509,FALSE
983840,203135,FALSE
989767,215439,FALSE
986810,216527,FALSE
984659,206432,FALSE
989261,214011,FALSE
989261,214011,FALSE
986320,213788,FALSE
989545,213791,TRUE
987133,215369,TRUE
995146,215207,TRUE
993055,230661,FALSE
986346,213725,FALSE
993063,216978,FALSE
1001087,227511,TRUE
987255,209983,FALSE
986755,208205,FALSE
1000344,229070,TRUE
991547,227859,TRUE
998751,239936,FALSE
999308,237228,FALSE
984792,211030,TRUE
998624,229117,FALSE
999394,230606,TRUE
999394,230606,TRUE
999394,230606,TRUE
1004618,253390,FALSE
1004618,253390,FALSE
987063,204239,FALSE
988578,221292,FALSE
991168,224928,FALSE
988578,221292,FALSE
985480,205496,TRUE
991134,203370,FALSE
996551,223272,FALSE
997133,219290,FALSE
988595,219754,FALSE
989817,225057,FALSE
989817,225057,FALSE
989564,224354,FALSE
1000138,230961,TRUE
1000138,230961,TRUE
999954,229627,TRUE
1000038,229777,TRUE
999954,229627,TRUE
1001128,232587,TRUE
987448,200636,FALSE
989639,213847,FALSE
989661,224396,FALSE
1000038,229777,TRUE
1000864,229504,TRUE
994926,229324,FALSE
994926,229324,FALSE
993452,229799,FALSE
992627,227800,TRUE
993099,229738,TRUE
999725,243387,TRUE
999629,243379,TRUE
983507,199361,FALSE
983269,210135,FALSE
983937,209486,FALSE
994276,218779,TRUE
990167,211708,FALSE
995786,219381,FALSE
984930,210727,TRUE
983026,209711,FALSE
1000128,229888,FALSE
1001694,229087,FALSE
991913,228524,FALSE
1000396,235646,FALSE
985545,200534,FALSE
1004580,252956,FALSE
1005199,253369,FALSE
988017,215107,TRUE
987827,213836,FALSE
986568,214237,TRUE
994646,218785,FALSE
1002271,229536,TRUE
1001689,229473,TRUE
995489,216874,FALSE
995370,217827,FALSE
990168,218969,TRUE
994482,229688,TRUE
997062,235497,FALSE
997198,238992,TRUE
1001615,246151,FALSE
985534,214118,TRUE
1000898,229914,TRUE
989355,221457,FALSE
999110,235350,FALSE
995706,238045,FALSE
983295,208425,FALSE
994795,216577,FALSE
999363,233454,FALSE
998041,231492,TRUE
986326,205404,TRUE
998092,220404,FALSE
1001569,246996,TRUE
1006554,254361,FALSE
987034,206937,TRUE
989310,201212,FALSE
986971,219344,TRUE
1000140,233026,TRUE
1000140,233026,TRUE
1000140,233026,TRUE
1000140,233026,TRUE
1000140,233026,TRUE
997232,234524,FALSE
994185,233553,FALSE
999391,236502,FALSE
993881,231145,TRUE
992319,228328,FALSE
992319,228328,FALSE
1002264,248840,FALSE
1001446,234215,FALSE
999112,233342,FALSE
999768,235189,TRUE
989027,223395,FALSE
990664,213169,FALSE
997940,221011,FALSE
1001469,241128,FALSE
1001936,245281,FALSE
987341,215631,FALSE
988257,215427,FALSE
988257,215427,FALSE
988103,215274,FALSE
1002026,233152,TRUE
988103,215274,FALSE
988257,215427,FALSE
988845,223155,FALSE
1000814,245520,FALSE
985996,209222,FALSE
985405,208308,FALSE
986351,213960,TRUE
1002014,228960,TRUE
1002014,228960,TRUE
998815,228410,FALSE
1002381,230885,TRUE
1002381,230885,TRUE
1005336,254212,FALSE
1005336,254212,FALSE
1004000,253559,TRUE
1003844,250988,FALSE
1005686,254817,FALSE
985698,206990,FALSE
989855,213302,FALSE
989855,213302,FALSE
987700,215393,TRUE
989545,213791,FALSE
989545,213791,FALSE
990368,224694,FALSE
1000674,226999,TRUE
1000155,229511,TRUE
1002381,230885,TRUE
1002381,230885,TRUE
1002471,230061,TRUE
997060,230626,TRUE
988348,205156,FALSE
998855,241981,FALSE
990519,217654,FALSE
990519,217654,FALSE
1001331,236999,FALSE
987048,206851,FALSE
996732,225796,FALSE
991041,224162,FALSE
990368,224694,FALSE
989661,224396,FALSE
989255,219170,FALSE
990762,226343,FALSE
986492,213732,FALSE
986372,215487,FALSE
989281,211056,FALSE
1002618,229246,TRUE
997295,230706,FALSE
999729,234275,TRUE
999729,234275,TRUE
1000538,245018,TRUE
998941,243706,TRUE
1005096,254154,FALSE
984338,206384,TRUE
983874,206491,TRUE
992227,228933,FALSE
999847,230495,TRUE
997985,240579,TRUE
1002024,249023,TRUE
1002024,249023,TRUE
1002024,249023,TRUE
988994,205687,FALSE
986944,214915,TRUE
1001185,231635,TRUE
999477,233821,FALSE
1000053,236127,TRUE
1000347,237246,FALSE
1002033,236329,FALSE
1001928,236133,TRUE
999269,244215,TRUE
1005096,254154,TRUE
1005096,254154,TRUE
987714,214449,TRUE
992467,213390,TRUE
998991,233489,FALSE
987078,215157,TRUE
987078,215157,TRUE
985257,199733,FALSE
988103,215274,FALSE
988162,217114,FALSE
981300,206295,TRUE
985730,203746,FALSE
987706,209436,TRUE
988247,219686,FALSE
988247,219686,FALSE
1000716,229293,FALSE
999363,226710,FALSE
1007150,255092,FALSE
989701,203881,TRUE
1002775,231145,FALSE
998152,230453,FALSE
1006540,253991,TRUE
992063,228791,TRUE
983174,207253,FALSE
983174,207253,FALSE
983174,207253,FALSE
983174,207253,FALSE
986844,207373,FALSE
992007,227072,FALSE
1000234,233081,FALSE
1002277,233693,TRUE
997150,230870,FALSE
997413,230685,FALSE
986930,207834,TRUE
989970,203987,FALSE
990903,225773,FALSE
1006507,254048,FALSE
1004367,254624,FALSE
983676,210148,FALSE
983257,211319,FALSE
989197,220017,FALSE
999204,240347,FALSE
989177,221062,FALSE
989177,221062,FALSE
999394,230606,FALSE
999394,230606,FALSE
1001935,247543,TRUE
994010,224717,FALSE
994010,224717,FALSE
991725,217725,TRUE
991725,217725,TRUE
991725,217725,TRUE
998174,234792,FALSE
1000615,239544,FALSE
998732,227121,FALSE
1002081,234595,FALSE
1001743,233091,FALSE
1000856,229996,TRUE
1001479,229767,TRUE
997670,230545,FALSE
1005336,254212,FALSE
1005096,254154,FALSE
1005131,254171,FALSE
1000077,225572,FALSE
989211,222689,TRUE
991934,227321,TRUE
982472,205606,FALSE
985930,215793,TRUE
985930,215793,TRUE
985930,215793,TRUE
985930,215793,TRUE
988985,216174,FALSE
991931,228283,TRUE
991931,228283,TRUE
1002381,230885,FALSE
999342,233575,TRUE
998555,234012,TRUE
997690,234550,FALSE
996945,238532,FALSE
984781,207131,FALSE
983444,206482,FALSE
984291,210239,FALSE
991169,213646,FALSE
1001125,230473,TRUE
1001125,230473,TRUE
998902,236382,FALSE
1003194,249262,FALSE
989701,203881,TRUE
987714,214449,FALSE
992066,227872,FALSE
999503,243153,TRUE
992221,218955,FALSE
1002776,231994,FALSE
995369,221138,FALSE
995369,221138,FALSE
999115,228700,FALSE
992960,230413,FALSE
999389,239642,FALSE
998282,235695,FALSE
984108,206079,TRUE
984108,206079,TRUE
1001623,234372,TRUE
989808,202534,FALSE
1001572,241623,FALSE
1001131,234700,TRUE
983994,212276,FALSE
986434,210478,TRUE
996364,235745,FALSE
1000345,237505,TRUE
1000993,232340,FALSE
996981,237108,FALSE
988199,216007,FALSE
999366,226991,TRUE
994926,229324,FALSE
991570,228072,FALSE
986936,198946,TRUE
990652,208875,TRUE
995407,218815,FALSE
992063,228791,TRUE
998875,236772,TRUE
1000234,233081,TRUE
1000328,230176,TRUE
987106,200418,FALSE
996216,231648,FALSE
992960,230413,TRUE
1000719,230889,TRUE
992960,230413,FALSE
988470,219527,FALSE
1001922,232705,FALSE
999638,225774,TRUE
994260,229982,TRUE
995306,230954,FALSE
999870,230473,FALSE
999755,230544,FALSE
1005067,253188,FALSE
988242,204326,FALSE
987774,214013,FALSE
986061,213320,FALSE
994257,219133,FALSE
995299,219969,TRUE
995163,219720,FALSE
996812,223656,FALSE
994526,229546,TRUE
994526,229546,TRUE
992370,227955,FALSE
1000506,230331,TRUE
1000803,243384,TRUE
1005511,253851,TRUE
984267,211939,FALSE
984267,211939,FALSE
995026,219891,FALSE
994010,224717,FALSE
1000089,229769,TRUE
1002138,234877,TRUE
997239,231037,TRUE
998158,235152,FALSE
989255,219170,TRUE
986568,214237,FALSE
996703,219599,TRUE
995708,224791,FALSE
1000858,243916,TRUE
988786,202037,FALSE
985484,217851,FALSE
1000633,230184,FALSE
997904,239444,FALSE
998580,236024,FALSE
1005067,253188,FALSE
1005067,253188,FALSE
1005067,253188,FALSE
984624,206900,TRUE
998368,228659,FALSE
1000414,230242,TRUE
1000622,235883,FALSE
1000228,229638,FALSE
999167,229920,TRUE
999167,229920,TRUE
999167,229920,TRUE
982555,202957,FALSE
989057,204238,FALSE
986445,214013,FALSE
998206,234547,TRUE
998368,228659,FALSE
999181,237001,TRUE
990725,204176,FALSE
991319,203662,FALSE
991169,213646,FALSE
1002381,230885,FALSE
998237,239009,FALSE
989160,210991,FALSE
989220,223013,FALSE
1001010,226273,TRUE
994482,229688,FALSE
989566,202010,FALSE
981441,196428,FALSE
989196,212528,FALSE
989196,212528,FALSE
989196,212528,FALSE
989196,212528,FALSE
989196,212528,FALSE
989196,212528,FALSE
989196,212528,FALSE
998886,240181,FALSE
981736,196325,FALSE
988199,202689,FALSE
989255,219170,FALSE
999344,235603,FALSE
996904,234747,FALSE
984160,200890,TRUE
986304,202225,FALSE
984071,209615,TRUE
990664,213169,FALSE
1001756,231618,FALSE
991168,224928,FALSE
990844,203533,TRUE
986145,209866,FALSE
989314,218756,FALSE
995974,235039,FALSE
985126,207917,FALSE
983847,212100,FALSE
998344,228522,FALSE
1000310,241654,TRUE
1000310,241654,TRUE
1002109,246781,FALSE
1004463,253787,TRUE
987448,200636,FALSE
986247,206664,TRUE
1000024,230000,TRUE
1000993,232340,TRUE
1001654,229273,FALSE
1000395,241731,TRUE
1000395,241731,TRUE
1000395,241731,TRUE
1001469,241128,TRUE
986803,211058,TRUE
996606,223175,FALSE
990758,226482,FALSE
994018,231890,FALSE
998579,235077,TRUE
1001660,248575,FALSE
985126,207917,FALSE
985126,207917,FALSE
985126,207917,FALSE
996871,222201,FALSE
988456,207729,FALSE
997715,227481,FALSE
999688,239772,TRUE
998389,239457,FALSE
1000774,244102,FALSE
988920,208453,FALSE
999791,230527,FALSE
998556,230225,FALSE
1007445,255616,FALSE
1003373,250940,FALSE
1007566,256217,TRUE
1005689,253487,FALSE
986727,212657,FALSE
997335,231151,FALSE
1007054,253710,FALSE
1006670,254235,TRUE
1000461,239309,FALSE
985852,205007,TRUE
998657,222168,TRUE
980260,197369,TRUE
987934,214961,FALSE
987934,214961,FALSE
987934,214961,FALSE
987934,214961,FALSE
987934,214961,FALSE
987934,214961,FALSE
987934,214961,FALSE
987934,214961,FALSE
993123,217087,FALSE
996344,222808,FALSE
996344,222808,FALSE
996426,223403,FALSE
987748,200967,FALSE
991785,213512,TRUE
996551,223272,TRUE
998734,228608,TRUE
1002773,229517,FALSE
1002773,229517,TRUE
985741,207511,FALSE
982850,196483,FALSE
987360,202120,FALSE
989437,202364,TRUE
988874,207672,FALSE
994257,219133,FALSE
999274,226421,FALSE
999463,231690,TRUE
984097,200077,FALSE
998906,238843,FALSE
1002851,247338,TRUE
1002213,246799,TRUE
1006540,253991,TRUE
988891,209941,FALSE
997239,231037,TRUE
997092,230821,TRUE
999461,233625,FALSE
998452,234003,FALSE
998452,234003,TRUE
998556,230225,FALSE
987639,212445,FALSE
988264,215270,FALSE
987934,214844,FALSE
1001222,229732,TRUE
988284,200915,FALSE
989220,223013,FALSE
1001008,247148,TRUE
982775,199982,FALSE
980912,194910,FALSE
986084,200403,FALSE
986084,200403,FALSE
986084,200403,FALSE
986084,200403,FALSE
997431,239578,TRUE
997431,239578,TRUE
988786,208211,TRUE
988786,208211,TRUE
1001976,237228,TRUE
1001912,247387,TRUE
1005165,254070,FALSE
981048,196109,FALSE
983670,211715,FALSE
991275,202662,TRUE
991275,202662,TRUE
992063,228791,TRUE
998871,233774,FALSE
1000486,242962,FALSE
995054,230407,TRUE
986910,200581,FALSE
986910,200581,FALSE
987639,212445,FALSE
986819,214690,FALSE
987714,214449,FALSE
1001667,229044,TRUE
1000412,230154,FALSE
997431,239578,TRUE
987982,207804,FALSE
987982,207804,FALSE
987982,207804,FALSE
987982,207804,FALSE
988511,215874,TRUE
994526,229546,TRUE
998446,240080,TRUE
998446,240080,TRUE
998446,240080,TRUE
1006670,254235,FALSE
988183,221059,FALSE
989723,203545,FALSE
987395,214919,FALSE
987395,214919,FALSE
992063,228791,TRUE
985305,209987,FALSE
996286,222706,FALSE
997027,219045,FALSE
998446,240080,TRUE
1000461,239309,FALSE
999572,235848,FALSE
1000873,235674,FALSE
988812,222657,FALSE
998624,229117,FALSE
996898,239156,FALSE
980588,194819,FALSE
993433,219754,FALSE
991591,210258,TRUE
991591,210258,TRUE
991591,210258,TRUE
991591,210258,TRUE
988377,199329,TRUE
1000550,230489,FALSE
1000550,230489,FALSE
985541,205863,FALSE
988812,198799,TRUE
993433,219754,FALSE
996549,235417,TRUE
999502,238678,FALSE
1000885,226766,TRUE
993383,228393,TRUE
1001091,240445,FALSE
985126,207917,FALSE
993123,217087,FALSE
1000713,239764,FALSE
987705,201662,FALSE
988725,216164,TRUE
998556,230225,TRUE
999527,226893,FALSE
984196,201155,FALSE
987202,203777,FALSE
992300,228149,FALSE
986659,200143,FALSE
997374,234664,TRUE
987728,214480,FALSE
998942,230034,TRUE
999570,235684,FALSE
985126,207917,FALSE
990328,202007,TRUE
996080,233261,FALSE
986878,208974,TRUE
987078,215157,FALSE
986320,213788,FALSE
998819,234487,TRUE
985985,198809,FALSE
996868,239132,TRUE
988722,219984,TRUE
999087,234814,TRUE
994276,218779,FALSE
999823,226070,TRUE
1000228,229638,TRUE
999167,229920,FALSE
1001612,235038,TRUE
997392,231914,FALSE
1000491,234788,FALSE
999323,235940,FALSE
999323,235940,FALSE
1003400,252840,FALSE
999274,226421,FALSE
999274,226421,FALSE
982849,196904,FALSE
995825,232785,TRUE
987086,201237,FALSE
998477,241299,FALSE
985808,215574,TRUE
985808,215574,TRUE
986379,210726,FALSE
1000291,242718,TRUE
985086,206193,FALSE
994423,218908,FALSE
1001689,248692,FALSE
986437,216764,FALSE
988132,217060,TRUE
988132,217060,TRUE
1000228,229638,TRUE
1001577,234452,FALSE
981961,199192,FALSE
985198,207585,FALSE
985198,207585,FALSE
985198,207585,FALSE
986928,198107,TRUE
986928,198107,TRUE
986928,198107,TRUE
998095,228167,TRUE
1001575,232339,FALSE
986971,219344,TRUE
986971,219344,TRUE
986971,219344,TRUE
992274,223433,TRUE
992274,223433,TRUE
993281,230497,TRUE
1000213,234341,TRUE
1000773,235970,FALSE
986199,210612,FALSE
986143,217189,FALSE
1001131,234700,FALSE
1001131,234700,FALSE
1000209,230294,TRUE
997450,239445,TRUE
1001795,246381,TRUE
989177,221062,FALSE
1002609,247424,FALSE
987646,201971,FALSE
1005699,253572,TRUE
999247,225892,FALSE
994029,227703,FALSE
1001280,237660,FALSE
985961,200916,TRUE
985961,200916,TRUE
985961,200916,TRUE
993640,217848,FALSE
998732,227121,FALSE
1000675,229319,FALSE
1000675,229319,FALSE
998734,228608,TRUE
997839,225593,FALSE
985983,204874,FALSE
987784,204939,TRUE
997374,234664,TRUE
982719,196415,FALSE
985584,212127,FALSE
987594,212111,FALSE
989420,211458,FALSE
986688,214342,FALSE
999881,243835,TRUE
983710,197045,FALSE
988178,215166,FALSE
989192,220317,TRUE
998734,228608,TRUE
1001468,228475,TRUE
1000432,229485,FALSE
1000818,226133,TRUE
1000818,226133,TRUE
1001528,234581,FALSE
996877,230982,FALSE
984662,206347,FALSE
984728,207199,FALSE
987771,212687,FALSE
993772,229843,FALSE
1003572,229669,FALSE
996080,233261,FALSE
995982,233041,FALSE
999687,238252,TRUE
986147,208855,FALSE
1002138,234877,FALSE
1003064,249581,TRUE
1003064,249581,TRUE
991664,211648,TRUE
991970,213960,FALSE
991435,212426,FALSE
1000675,229319,FALSE
1000190,227329,FALSE
983426,206189,FALSE
983426,206189,FALSE
993306,219527,FALSE
988567,221561,FALSE
988567,221561,FALSE
999073,230985,FALSE
997312,239363,FALSE
1000326,239064,FALSE
994201,219031,FALSE
993452,229799,TRUE
1000485,230141,FALSE
1001627,230230,TRUE
996716,234409,FALSE
1000209,241305,FALSE
988998,205405,FALSE
989429,209371,FALSE
987645,210360,FALSE
1000547,227069,FALSE
1002942,249362,TRUE
996773,232323,FALSE
985838,199997,TRUE
989243,222888,TRUE
1001192,229319,TRUE
999643,228852,TRUE
999643,228852,TRUE
989309,219188,TRUE
990758,226482,FALSE
984659,201514,FALSE
984659,201514,FALSE
984659,201514,FALSE
984659,201514,FALSE
984659,201514,FALSE
996365,234644,FALSE
996365,234644,FALSE
982935,203456,TRUE
981101,199742,FALSE
999089,229198,TRUE
986709,198802,TRUE
987716,213309,FALSE
987785,214702,FALSE
989207,222394,FALSE
995058,237522,FALSE
1000455,235951,TRUE
997531,240601,TRUE
997531,240601,TRUE
997776,227324,FALSE
997776,227324,FALSE
986154,214212,TRUE
986743,215404,FALSE
986743,215404,FALSE
987714,214449,FALSE
986560,214334,TRUE
1005254,254278,FALSE
985981,202199,FALSE
988125,215196,FALSE
993444,217570,FALSE
1000275,229995,TRUE
993352,229417,TRUE
1002505,231502,TRUE
1000461,239309,FALSE
1002184,247084,FALSE
1003025,232447,FALSE
1000140,233026,FALSE
1000140,233026,FALSE
1000140,233026,FALSE
984606,206978,TRUE
990987,202820,FALSE
1000846,226964,TRUE
1000186,229575,TRUE
992726,227204,FALSE
987668,220050,TRUE
1001338,229397,FALSE
988766,207887,FALSE
992029,215112,FALSE
1006807,254470,FALSE
988132,217060,FALSE
991169,226253,FALSE
996502,239082,FALSE
996502,239082,FALSE
996502,239082,FALSE
984108,206079,FALSE
986634,204076,FALSE
1000695,226803,TRUE
1001611,241370,FALSE
1006208,255072,FALSE
980964,198598,FALSE
983883,211244,TRUE
1000959,228925,FALSE
995915,236370,TRUE
1001423,236608,TRUE
987802,212864,FALSE
988270,214473,FALSE
986194,213445,FALSE
991718,213504,FALSE
992971,214300,FALSE
985766,216503,FALSE
985766,216503,FALSE
996716,234409,FALSE
996716,234409,FALSE
996885,239755,TRUE
986610,214426,TRUE
999806,228555,FALSE
998318,231726,FALSE
987172,207417,TRUE
987714,214449,FALSE
989210,219405,FALSE
989210,219405,FALSE
988628,222754,TRUE
988628,222754,TRUE
988628,222754,TRUE
988628,222754,TRUE
994029,227703,FALSE
993740,228927,TRUE
997198,238992,TRUE
1001272,242003,FALSE
999308,237228,FALSE
987952,214356,FALSE
994772,219014,TRUE
995915,236370,TRUE
995915,236370,TRUE
999308,237228,FALSE
999308,237228,FALSE
990478,208936,FALSE
998886,240181,FALSE
990415,203626,FALSE
989640,209292,FALSE
987395,214919,FALSE
987395,214919,FALSE
991262,221525,FALSE
1002227,231915,FALSE
1002227,231915,FALSE
1002227,231915,FALSE
1002227,231915,FALSE
1002509,231631,TRUE
990213,200694,FALSE
991558,226956,TRUE
1003680,226789,TRUE
993458,232407,FALSE
997670,230545,FALSE
1003680,226789,TRUE
988202,198913,FALSE
986562,199976,TRUE
986562,199976,TRUE
986562,199976,TRUE
989701,203881,FALSE
1000582,229543,TRUE
994651,229771,TRUE
1000128,229888,TRUE
998911,236510,FALSE
980941,197696,TRUE
983935,198013,FALSE
1002076,233932,FALSE
1002076,233932,FALSE
987662,201093,FALSE
999870,230473,FALSE
983478,206559,TRUE
985930,215793,FALSE
992605,212086,FALSE
992605,212086,FALSE
989074,222470,FALSE
989074,222470,FALSE
987909,200178,TRUE
987200,213927,FALSE
998186,221998,FALSE
998004,223387,FALSE
994907,219145,TRUE
994907,219145,TRUE
998671,226050,TRUE
990912,226717,TRUE
996112,235552,FALSE
1001611,241370,TRUE
1001611,241370,TRUE
1000461,239309,FALSE
987450,211352,FALSE
996684,238064,FALSE
999856,234503,TRUE
992193,228099,FALSE
1002050,238813,TRUE
1001260,236872,TRUE
1000012,228608,FALSE
1000012,228608,FALSE
1000943,233951,TRUE
984792,211030,FALSE
996716,234409,TRUE
986632,212536,TRUE
985631,212434,TRUE
995369,221138,FALSE
998826,226447,FALSE
989129,199082,FALSE
998942,230034,TRUE
989321,205530,FALSE
987866,214721,TRUE
987866,214721,TRUE
987866,214721,TRUE
1000532,228099,TRUE
997576,239672,FALSE
990477,203734,FALSE
988610,209997,FALSE
997576,221811,FALSE
990168,218969,FALSE
993542,229957,TRUE
987445,215705,FALSE
987595,216089,FALSE
997413,230685,FALSE
998470,241560,FALSE
986976,198790,TRUE
983646,208849,FALSE
988554,215236,FALSE
987934,214961,TRUE
987078,215157,TRUE
985927,213077,TRUE
987124,215351,TRUE
987341,215631,FALSE
987139,213961,FALSE
987139,213961,FALSE
987139,213961,FALSE
987252,211755,FALSE
991969,227999,TRUE
992978,229517,FALSE
1007180,255261,FALSE
1007180,255261,FALSE
998041,231228,FALSE
1000846,226964,TRUE
994134,228841,TRUE
1000554,230994,FALSE
996793,237643,TRUE
979986,200073,TRUE
979986,200073,TRUE
979986,200073,TRUE
987049,202800,TRUE
985990,199978,FALSE
989211,222689,FALSE
999947,238226,FALSE
984031,199876,FALSE
986809,215368,FALSE
989989,213543,TRUE
989989,213543,TRUE
988001,220768,FALSE
986809,215368,FALSE
993974,217531,FALSE
999397,228561,FALSE
999656,230985,FALSE
987060,207176,TRUE
999194,229090,TRUE
1003502,230462,TRUE
997917,231005,FALSE
1002135,241057,FALSE
988065,214701,FALSE
993955,229128,TRUE
996282,232119,FALSE
996333,233382,FALSE
1005345,254240,FALSE
994134,228841,TRUE
994134,228841,TRUE
993628,229582,TRUE
982102,198027,TRUE
987642,212435,FALSE
999954,229627,TRUE
999954,229627,TRUE
999954,229627,TRUE
992717,227232,TRUE
1000432,236050,TRUE
982928,208070,FALSE
985631,208828,TRUE
997987,240415,FALSE
998911,236510,TRUE
999759,235489,FALSE
981807,199060,FALSE
996684,238064,TRUE
1000989,240382,FALSE
980694,195183,FALSE
988824,198947,FALSE
989558,199244,FALSE
987297,204173,FALSE
1001028,240516,FALSE
1000098,232836,TRUE
1000098,232836,TRUE
987866,214721,FALSE
995005,222593,FALSE
1001779,244833,FALSE
999954,229627,TRUE
998911,236510,TRUE
983421,203392,FALSE
983421,203392,FALSE
998940,228642,TRUE
998940,228642,TRUE
990573,217372,FALSE
990573,217372,FALSE
990573,217372,FALSE
990573,217372,FALSE
990573,217372,FALSE
990573,217372,FALSE
990431,217494,FALSE
999770,229081,FALSE
998348,227391,TRUE
1000291,242718,FALSE
984262,200870,FALSE
987552,215475,FALSE
988303,215848,TRUE
987125,220927,FALSE
998926,226510,FALSE
999454,227578,FALSE
992978,229517,FALSE
982699,201333,FALSE
987521,201066,FALSE
984146,210736,FALSE
991248,207213,TRUE
986544,212294,FALSE
986679,216294,TRUE
992213,226959,TRUE
1003681,229667,FALSE
990994,204676,TRUE
988353,217918,FALSE
989863,209297,FALSE
987721,211532,FALSE
987721,211532,FALSE
987721,211532,FALSE
987721,211532,FALSE
987721,211532,FALSE
1000577,228029,TRUE
989368,223555,FALSE
986651,218100,TRUE
991828,216960,FALSE
985993,216800,FALSE
996545,217731,FALSE
999954,229627,TRUE
988574,199940,FALSE
988574,199940,FALSE
988574,199940,FALSE
990177,212830,TRUE
1001575,232339,TRUE
1001860,233280,TRUE
986509,218774,FALSE
1001479,229653,TRUE
984338,208351,FALSE
987660,214517,FALSE
994291,230312,FALSE
993962,229894,FALSE
995980,236078,FALSE
995980,236078,FALSE
995980,236078,FALSE
995980,236078,FALSE
998893,239432,TRUE
1001543,237059,TRUE
1000667,245795,FALSE
1000667,245795,FALSE
994544,228641,TRUE
994544,228641,TRUE
994544,228641,TRUE
994544,228641,TRUE
995923,236263,FALSE
1000414,230242,TRUE
999342,233575,FALSE
999342,233575,FALSE
998262,231803,TRUE
998262,231803,TRUE
998262,231803,TRUE
997160,236954,FALSE
997160,236954,FALSE
983425,200529,TRUE
983425,200529,TRUE
989400,219478,FALSE
997640,230674,TRUE
997522,230460,FALSE
999046,236755,FALSE
987703,201531,TRUE
987703,201531,TRUE
996545,217731,FALSE
991913,228524,TRUE
1000275,230076,TRUE
1001128,232587,FALSE
996650,235680,FALSE
984661,198681,TRUE
987238,198979,FALSE
989078,201079,TRUE
994544,228641,TRUE
991969,227999,TRUE
991969,227999,TRUE
1001543,237059,TRUE
999015,237875,TRUE
999015,237875,TRUE
993962,229894,FALSE
1002269,231034,FALSE
990962,203750,TRUE
990860,208942,TRUE
988657,208659,TRUE
986554,216067,FALSE
988553,212807,TRUE
988730,213004,TRUE
988553,212807,TRUE
995635,221618,TRUE
995497,221370,TRUE
996545,217731,FALSE
996551,223272,TRUE
996463,233949,TRUE
997970,234702,FALSE
1000898,238810,FALSE
990583,208441,FALSE
987095,210415,TRUE
986557,214420,FALSE
999111,226956,FALSE
984112,206087,FALSE
986194,213445,FALSE
991022,213294,FALSE
1001314,231773,TRUE
1001481,234451,TRUE
1001743,233091,FALSE
998004,234676,FALSE
997975,238896,TRUE
998989,227672,TRUE
1001098,226647,TRUE
1002967,231037,TRUE
999969,236564,TRUE
988312,216243,TRUE
1001430,232165,TRUE
1001131,234700,TRUE
998625,235818,FALSE
984329,210423,FALSE
984329,210423,FALSE
991718,213504,FALSE
998988,229067,FALSE
1001128,232587,TRUE
1001425,244170,FALSE
1006541,253833,FALSE
984756,206859,FALSE
990588,212332,FALSE
990273,211636,FALSE
1001530,231995,FALSE
990529,202808,FALSE
984792,216360,TRUE
984535,210565,TRUE
988092,214666,TRUE
998414,227690,TRUE
1000275,229995,TRUE
999668,226392,TRUE
1000716,226503,TRUE
998078,239321,FALSE
998734,228608,TRUE
1001209,242038,FALSE
991913,228524,TRUE
1006551,252801,TRUE
984112,206087,FALSE
991956,225816,FALSE
995923,236263,FALSE
999688,239772,FALSE
988917,200628,TRUE
994541,231418,TRUE
987093,215184,FALSE
990272,214991,TRUE
1001502,231160,FALSE
996743,232599,TRUE
998291,233536,TRUE
985120,206655,FALSE
985120,206655,FALSE
987002,211305,FALSE
987199,207957,FALSE
993640,217848,FALSE
998101,226069,TRUE
998101,226069,TRUE
999116,234066,FALSE
999317,235389,TRUE
999885,234392,FALSE
999885,234392,FALSE
999885,234392,FALSE
999885,234392,FALSE
984713,205034,TRUE
984713,205034,TRUE
988415,221437,TRUE
996630,234920,FALSE
1000587,239536,TRUE
986445,214013,FALSE
998571,230492,TRUE
998571,230492,TRUE
999847,236506,TRUE
999363,226710,FALSE
997191,230766,FALSE
1007054,253710,FALSE
1004000,253559,FALSE
987448,200636,FALSE
988982,205841,FALSE
985848,211037,FALSE
997877,221608,FALSE
997877,221608,FALSE
1000456,226260,TRUE
996353,235287,TRUE
986907,210434,FALSE
986907,210434,FALSE
986907,210434,FALSE
987729,210269,FALSE
989220,223013,TRUE
988052,220834,TRUE
988001,220768,TRUE
988415,221437,FALSE
996438,230700,FALSE
993255,216158,FALSE
984836,204984,TRUE
999466,227600,TRUE
998069,226189,FALSE
985730,203746,FALSE
1000989,229141,TRUE
1000989,229141,TRUE
1000989,229141,TRUE
1001743,233091,FALSE
995026,231397,FALSE
995026,231397,FALSE
995026,231397,FALSE
997896,231916,FALSE
989309,219188,TRUE
999898,229313,TRUE
998542,227921,TRUE
981820,198318,FALSE
985209,198378,FALSE
987660,214517,FALSE
1000344,229070,FALSE
999670,233459,FALSE
1001921,246270,FALSE
986459,207766,FALSE
987341,215631,FALSE
987045,206113,FALSE
987093,215184,FALSE
987093,215184,FALSE
989772,201716,FALSE
987389,205805,TRUE
986848,212883,TRUE
985679,213954,TRUE
986713,212638,FALSE
986713,212638,FALSE
990250,214102,FALSE
986195,213562,FALSE
1001364,227898,TRUE
998891,227069,FALSE
1001612,235038,FALSE
999656,230985,TRUE
999656,230985,TRUE
999670,233459,FALSE
987640,202042,FALSE
986993,215863,FALSE
986763,213859,FALSE
992259,213127,TRUE
992259,213127,TRUE
997392,231914,FALSE
990359,211171,FALSE
993352,229417,FALSE
986738,202922,FALSE
987482,214027,FALSE
984854,216712,TRUE
984854,216712,TRUE
984854,216712,TRUE
1000190,227329,TRUE
999913,229258,TRUE
999086,226983,TRUE
998931,230729,TRUE
999569,244098,TRUE
984850,198550,TRUE
996496,226338,FALSE
996689,226166,FALSE
1001029,229132,FALSE
991675,228088,TRUE
996579,236020,TRUE
996579,236020,TRUE
996579,236020,TRUE
996579,236020,TRUE
983958,215096,FALSE
993106,227893,FALSE
1002271,229536,TRUE
987375,215056,FALSE
1000429,225641,FALSE
1000710,226718,TRUE
1002163,230994,FALSE
998825,235231,FALSE
987995,198892,FALSE
990178,217039,FALSE
990178,217039,FALSE
990178,217039,FALSE
1007192,256247,TRUE
991774,229613,FALSE
994667,230710,TRUE
986195,213562,FALSE
994010,224717,FALSE
994010,224717,FALSE
999461,233625,FALSE
999601,239398,TRUE
999668,226392,FALSE
1002775,231145,TRUE
999342,233575,TRUE
1001691,240303,FALSE
1000550,230489,TRUE
987808,199520,TRUE
988471,214963,FALSE
992857,225591,FALSE
984984,200185,FALSE
1001390,233059,TRUE
999317,235389,FALSE
984271,210202,FALSE
1001152,226380,TRUE
1001843,228991,FALSE
1000328,230176,TRUE
1005689,253247,TRUE
982285,201681,FALSE
1001029,229132,FALSE
1000344,229070,TRUE
1002356,231843,TRUE
990376,211287,FALSE
1006568,254158,FALSE
1004135,254457,FALSE
1002758,228943,TRUE
987048,206851,TRUE
999520,230738,FALSE
996170,237135,TRUE
996170,237135,TRUE
995223,237284,FALSE
1001638,237719,FALSE
985042,202430,FALSE
1000956,248158,FALSE
981418,206628,TRUE
987533,205951,TRUE
989519,225243,FALSE
995462,236938,FALSE
995462,236938,FALSE
1003592,250533,TRUE
1003844,250988,FALSE
988955,202466,FALSE
1005511,253851,FALSE
1004500,250318,FALSE
987963,203697,TRUE
987294,207626,FALSE
987395,214919,TRUE
986944,214915,TRUE
991310,213170,FALSE
993512,226772,FALSE
987504,213387,TRUE
987504,213387,TRUE
1000155,229511,TRUE
992288,228953,TRUE
992288,228953,TRUE
1000098,232836,FALSE
986646,207013,TRUE
987058,216980,TRUE
987437,217664,TRUE
989177,221062,FALSE
1001419,229234,TRUE
998561,230061,TRUE
1000320,233097,TRUE
998113,230746,FALSE
999086,232945,FALSE
996208,238650,FALSE
1006378,254721,TRUE
1005131,254171,FALSE
1002191,248638,FALSE
999578,237605,FALSE
1002390,249956,FALSE
984820,206262,TRUE
986160,211219,FALSE
988917,200628,FALSE
989675,200524,FALSE
998720,222730,FALSE
1000383,230097,FALSE
1001923,246612,FALSE
996872,232567,TRUE
997450,239445,FALSE
996899,237368,TRUE
996899,237368,TRUE
996899,237368,TRUE
996899,237368,TRUE
996899,237368,TRUE
996899,237368,TRUE
996899,237368,TRUE
996877,230982,FALSE
998886,240181,FALSE
984251,206730,FALSE
998165,234290,TRUE
997643,234453,FALSE
996899,237368,TRUE
984534,202185,TRUE
994856,220214,FALSE
993511,228789,TRUE
997130,231440,TRUE
998284,235379,FALSE
991812,227414,FALSE
991812,227414,FALSE
1002028,240877,FALSE
988356,213638,FALSE
986688,214342,FALSE
988663,210090,TRUE
1000689,228829,TRUE
1000958,241731,TRUE
1000958,241731,TRUE
996398,231585,FALSE
1005423,254738,FALSE
1007320,255391,FALSE
1003231,248026,TRUE
1003713,249939,FALSE
983796,211862,TRUE
983950,209160,FALSE
989545,213791,FALSE
999643,228852,TRUE
999607,233491,FALSE
999279,237593,TRUE
986814,207702,FALSE
991275,209145,TRUE
988029,208946,FALSE
988451,216208,FALSE
1002505,231502,FALSE
999115,228700,FALSE
998160,227234,TRUE
1000720,238186,TRUE
988143,211260,FALSE
996625,230538,FALSE
1004135,254457,FALSE
997844,234794,FALSE
998163,231065,FALSE
994010,224717,FALSE
989556,205135,TRUE
986109,209693,FALSE
993628,229582,TRUE
1001250,239787,TRUE
989266,217247,FALSE
1001768,233740,TRUE
1000554,230994,TRUE
984680,209592,TRUE
990591,214165,TRUE
989264,217805,FALSE
999923,229542,FALSE
1001457,226626,FALSE
1002271,229536,FALSE
1000414,230242,TRUE
1002574,231257,FALSE
997392,231914,FALSE
982428,197735,FALSE
988013,198183,TRUE
992579,226783,TRUE
997674,235117,FALSE
997531,240601,TRUE
987224,215302,FALSE
987785,214702,TRUE
1000797,229778,TRUE
1000748,234008,TRUE
986428,215839,FALSE
999148,234856,TRUE
1000883,236356,TRUE
990785,215849,TRUE
992363,215867,FALSE
985283,203663,FALSE
989661,224396,FALSE
996577,219149,TRUE
991116,226045,TRUE
992083,226714,TRUE
994060,231582,FALSE
985753,207281,TRUE
986171,207048,TRUE
985753,207281,TRUE
985753,207281,TRUE
996606,223175,TRUE
1001743,233091,FALSE
1000374,238378,FALSE
1000386,238389,FALSE
1006757,254820,FALSE
989623,198508,FALSE
999073,230985,FALSE
999063,240614,TRUE
997983,239699,TRUE
1000833,247693,FALSE
1004098,250538,FALSE
995422,231162,TRUE
995809,231873,TRUE
990176,209252,FALSE
990176,209252,FALSE
990176,209252,FALSE
988612,208940,TRUE
989426,223826,FALSE
987018,199904,FALSE
997963,240371,TRUE
997963,240371,TRUE
990065,225331,FALSE
990134,225031,FALSE
990134,225031,FALSE
981488,196784,FALSE
995385,237575,FALSE
996205,236675,FALSE
984150,197966,FALSE
980588,194819,FALSE
989545,215900,FALSE
996240,236149,FALSE
994392,232918,FALSE
998825,235231,FALSE
987391,200736,FALSE
998281,225348,FALSE
998281,225348,FALSE
998281,225348,FALSE
994270,229723,TRUE
1001397,233688,TRUE
987379,215816,FALSE
987909,220985,TRUE
997833,234978,FALSE
983104,199065,FALSE
988353,217918,FALSE
988353,217918,FALSE
999753,225492,FALSE
999753,225492,FALSE
999288,225706,FALSE
986681,203053,FALSE
982713,210757,TRUE
996904,232251,TRUE
997392,231914,TRUE
982986,206696,FALSE
989309,219188,FALSE
998931,230729,FALSE
999125,227918,TRUE
998262,228565,FALSE
1000414,230242,TRUE
999205,233164,TRUE
990975,209014,FALSE
990457,208213,FALSE
990457,208213,FALSE
990457,208213,FALSE
990975,209014,FALSE
990975,209014,FALSE
998883,233465,FALSE
999557,245700,FALSE
998886,240181,FALSE
997294,232090,FALSE
981042,195854,TRUE
989255,219170,FALSE
999572,235848,FALSE
1007180,255261,FALSE
988757,216332,FALSE
999125,227918,TRUE
998862,227442,FALSE
984858,207434,FALSE
983042,209932,TRUE
989246,206582,FALSE
989369,206500,FALSE
988903,211812,FALSE
987673,213039,FALSE
996475,220183,FALSE
984094,205445,TRUE
985840,211066,TRUE
1000272,229053,TRUE
993794,231104,TRUE
1000120,230128,TRUE
1002196,246161,TRUE
988292,200933,FALSE
1002775,231145,FALSE
1003216,230113,TRUE
989678,209822,FALSE
998668,231141,FALSE
999507,243806,FALSE
1007054,253710,TRUE
988573,203364,FALSE
1001152,226380,FALSE
998914,232342,FALSE
999167,229920,TRUE
1000652,227011,FALSE
998922,230268,TRUE
1000740,231882,TRUE
999745,235998,TRUE
985428,212177,FALSE
989309,219188,TRUE
999567,230956,FALSE
999950,237418,FALSE
1007195,255170,FALSE
992809,231186,FALSE
1000682,232834,FALSE
999981,243847,TRUE
987397,209904,FALSE
999870,230473,TRUE
996692,236950,FALSE
987445,222914,FALSE
989200,224555,FALSE
989200,224555,FALSE
995434,235972,TRUE
989128,200748,FALSE
989309,219188,TRUE
999770,229081,TRUE
999770,229081,TRUE
1001668,228755,FALSE
997588,230405,FALSE
999699,236667,FALSE
1002115,249244,FALSE
1002115,249244,FALSE
987833,213629,FALSE
999957,228371,FALSE
999842,229906,TRUE
996216,231648,TRUE
998181,231480,TRUE
997392,231914,TRUE
1006759,253616,FALSE
988239,215587,TRUE
999688,239772,TRUE
983412,200843,FALSE
993004,230538,FALSE
997210,232078,FALSE
997480,237646,TRUE
997881,240783,TRUE
986061,213320,TRUE
985950,213953,TRUE
996301,230776,TRUE
986428,215839,FALSE
993209,230534,TRUE
985377,207838,FALSE
988661,212451,TRUE
989855,213302,FALSE
987639,212445,FALSE
988017,214638,TRUE
1001269,240073,FALSE
992842,213954,TRUE
1001312,231864,FALSE
987050,215831,FALSE
987050,215831,FALSE
983274,206093,FALSE
982817,205034,FALSE
1000074,228872,FALSE
998202,239287,TRUE
989058,225265,FALSE
994255,231823,FALSE
1000403,230138,FALSE
1000403,230138,FALSE
998372,234680,FALSE
986529,204946,FALSE
988178,215166,TRUE
987215,215403,FALSE
1001419,232706,TRUE
987093,215184,FALSE
1001548,226899,TRUE
999643,228852,FALSE
982138,205303,FALSE
988017,215107,FALSE
997606,234271,FALSE
1004529,253879,FALSE
989096,222694,FALSE
995929,234846,FALSE
995929,234846,FALSE
1002196,246161,TRUE
1000286,242556,TRUE
989779,203860,TRUE
983934,211154,TRUE
990194,225561,FALSE
987633,221615,FALSE
998430,229826,TRUE
1002020,234205,TRUE
998181,231480,TRUE
983789,206080,TRUE
990168,218969,TRUE
1001338,229397,TRUE
996153,236865,FALSE
1000824,242416,FALSE
1000824,242416,FALSE
1002390,249956,TRUE
1001477,230535,FALSE
986291,215593,FALSE
1000668,230040,TRUE
988971,209878,TRUE
988196,200763,TRUE
991591,210258,FALSE
992159,215346,TRUE
1003680,226789,FALSE
1001552,242828,FALSE
986666,201404,TRUE
987816,202492,FALSE
983502,211827,FALSE
985679,213954,TRUE
987241,205006,FALSE
987241,205006,FALSE
1000846,226964,TRUE
993371,216374,FALSE
984510,201608,TRUE
998163,231065,FALSE
986842,214842,FALSE
988183,221059,FALSE
1006928,253482,FALSE
986598,205983,FALSE
986598,205983,FALSE
986598,205983,FALSE
986598,205983,FALSE
986598,205983,FALSE
986450,203402,FALSE
986450,203402,FALSE
987714,214449,TRUE
994270,229723,FALSE
997600,230920,FALSE
989811,224885,TRUE
987963,208829,FALSE
987001,212735,FALSE
987605,214252,FALSE
987605,214252,FALSE
987605,214252,FALSE
996997,232717,FALSE
988853,201071,FALSE
999304,227192,FALSE
994350,233684,FALSE
986881,200791,FALSE
992726,227204,TRUE
986386,210831,TRUE
988103,215274,FALSE
1006108,253170,FALSE
986540,203738,FALSE
998740,237262,FALSE
994010,224717,TRUE
994010,224717,TRUE
994010,224717,TRUE
987879,212035,FALSE
988479,217685,FALSE
986857,204063,FALSE
999643,228852,FALSE
986169,205245,FALSE
991432,226728,TRUE
987411,211078,FALSE
987501,211415,TRUE
1000102,232970,TRUE
1001208,247515,FALSE
982004,208426,TRUE
990542,204019,FALSE
990542,204019,FALSE
999366,226991,FALSE
986370,200567,FALSE
988447,211927,TRUE
992936,218765,FALSE
998761,222415,FALSE
998855,241981,TRUE
1001501,237287,FALSE
1001250,243858,TRUE
1001350,230306,FALSE
998512,234784,FALSE
989784,203260,FALSE
985665,211392,TRUE
988257,215427,TRUE
988447,211927,TRUE
985816,220342,TRUE
993132,226085,FALSE
998181,231480,TRUE
999477,233821,TRUE
989811,224885,TRUE
989265,221683,TRUE
999274,226421,TRUE
1002337,233724,TRUE
998721,234147,FALSE
998721,234147,FALSE
1001923,246612,TRUE
999338,233568,FALSE
988025,202805,FALSE
986195,213562,FALSE
991105,226025,FALSE
998668,231141,FALSE
989989,213543,TRUE
989989,213543,FALSE
989989,213543,TRUE
989989,213543,TRUE
1001137,231914,TRUE
999967,230491,FALSE
985724,217380,FALSE
985724,217380,FALSE
985724,217380,FALSE
985724,217380,FALSE
996205,236675,FALSE
994010,224717,FALSE
984971,199677,FALSE
991202,212934,TRUE
991691,211842,FALSE
989309,219188,FALSE
989243,222888,FALSE
990042,221375,FALSE
1003205,229869,FALSE
986170,215374,TRUE
997160,236954,FALSE
982965,202085,FALSE
993225,214758,FALSE
1002289,235866,TRUE
996904,234747,TRUE
985160,209685,FALSE
1004580,252956,FALSE
983426,202319,TRUE
983426,202319,TRUE
983426,202319,TRUE
983426,202319,TRUE
983426,202319,TRUE
983426,202319,TRUE
983426,202319,TRUE
985661,203396,FALSE
1001575,232339,FALSE
982285,201681,TRUE
997529,232162,TRUE
1000342,233889,FALSE
1000342,233889,FALSE
1000784,247521,TRUE
1004604,254339,TRUE
1006670,254235,FALSE
1003559,250591,TRUE
1005533,252490,TRUE
1005689,253487,TRUE
1004482,251234,TRUE
988603,202203,FALSE
980912,194910,TRUE
984594,216664,TRUE
984594,216664,TRUE
984594,216664,TRUE
997328,232575,FALSE
999018,241046,FALSE
984594,216664,TRUE
998519,221817,FALSE
999673,230715,FALSE
1001837,232811,TRUE
1006670,254235,FALSE
990664,213169,FALSE
998141,233106,FALSE
993123,217087,FALSE
997839,225593,TRUE
992229,228275,FALSE
1006128,256207,FALSE
1000447,227795,FALSE
998195,227693,FALSE
1002184,247084,FALSE
1000955,229664,FALSE
987714,214449,FALSE
1001871,228813,FALSE
1006165,253314,FALSE
1001217,240673,FALSE
986296,201173,FALSE
985679,212629,TRUE
993232,231406,TRUE
993098,230075,FALSE
993021,231876,FALSE
1002293,251865,FALSE
1004715,253909,TRUE
1004892,253548,TRUE
986694,214464,FALSE
990155,221524,FALSE
998643,235045,FALSE
990899,227620,TRUE
991794,228148,TRUE
999869,233940,FALSE
999044,243148,FALSE
999044,243148,FALSE
987887,211950,FALSE
1006350,252951,TRUE
989930,208800,FALSE
1000279,237838,FALSE
1003504,251176,FALSE
987771,212687,FALSE
993713,216062,TRUE
985947,220624,FALSE
984338,206384,FALSE
986351,213960,FALSE
986351,213960,FALSE
989481,221349,TRUE
996301,230776,TRUE
997917,231005,TRUE
996870,232828,TRUE
996820,238309,FALSE
996820,238309,FALSE
997043,237294,TRUE
999539,239499,FALSE
999539,239499,FALSE
984639,212610,TRUE
985198,209903,FALSE
987078,215157,TRUE
996748,237239,TRUE
998300,230370,FALSE
1003761,249790,TRUE
996240,236149,FALSE
999043,233679,FALSE
987915,214202,FALSE
1001457,226626,TRUE
998545,236709,FALSE
988002,214967,FALSE
992353,216753,TRUE
991906,217000,FALSE
999653,234655,TRUE
999179,234978,TRUE
991465,213048,FALSE
988132,217060,FALSE
998785,236283,TRUE
999572,235848,TRUE
1001509,237489,TRUE
1003643,249260,TRUE
1005689,253247,FALSE
988070,202545,TRUE
988070,202545,TRUE
985757,214432,TRUE
999159,222448,FALSE
988276,214854,TRUE
1001778,231259,FALSE
999814,235957,TRUE
988590,203297,TRUE
983524,203370,TRUE
986935,201553,FALSE
987546,206086,FALSE
999810,222086,FALSE
1001995,229037,FALSE
1000572,237162,FALSE
990230,212255,FALSE
997239,234420,FALSE
997239,234420,FALSE
1000876,242605,FALSE
990975,209014,TRUE
990975,209014,TRUE
985964,211290,FALSE
990562,205039,FALSE
1000299,239572,FALSE
990015,213531,FALSE
984464,205547,FALSE
994010,224717,FALSE
997702,239901,FALSE
985961,200916,TRUE
986838,199205,FALSE
990487,203403,TRUE
994388,218321,TRUE
999643,228852,TRUE
991794,228148,TRUE
1001651,236559,FALSE
987379,215816,TRUE
999643,228852,FALSE
987952,214356,FALSE
985796,213403,TRUE
991565,226823,FALSE
996870,232828,TRUE
989448,225972,FALSE
987660,214517,FALSE
989247,213914,FALSE
997768,234449,FALSE
986175,207276,TRUE
989309,219188,FALSE
999603,230170,TRUE
992800,227108,TRUE
1000065,233238,TRUE
999012,240409,FALSE
1001131,234700,TRUE
998760,235584,FALSE
998760,235584,FALSE
1002824,249147,TRUE
1001010,229852,FALSE
1001369,232514,FALSE
983819,209272,FALSE
983819,209272,FALSE
994645,231545,TRUE
1001591,232724,FALSE
983444,206482,TRUE
1000170,233181,FALSE
1006765,254910,TRUE
990332,207988,FALSE
990600,226387,TRUE
1000065,233238,FALSE
1002584,248715,FALSE
1001184,237059,FALSE
1001184,237059,FALSE
995874,235686,FALSE
1002155,249510,TRUE
984412,210338,FALSE
985177,214419,TRUE
985177,214419,TRUE
983695,214641,FALSE
991326,217002,FALSE
997130,223272,TRUE
998181,231480,FALSE
1000873,238031,TRUE
991054,223183,FALSE
1001751,232304,TRUE
997764,230151,TRUE
997399,230992,TRUE
1001251,237298,FALSE
991404,228536,FALSE
1001382,232725,FALSE
999463,221939,TRUE
996687,223518,FALSE
997975,227484,TRUE
998935,230549,TRUE
1002143,230804,TRUE
1001951,242784,FALSE
1003693,250131,FALSE
1002134,229290,FALSE
994136,216386,TRUE
987035,217844,TRUE
987772,219352,TRUE
987035,217844,TRUE
989325,219223,TRUE
997871,225745,TRUE
999480,228084,TRUE
992229,228275,FALSE
996957,236556,FALSE
996831,236476,FALSE
984566,205129,TRUE
1005371,254034,TRUE
985930,215793,FALSE
982936,210360,TRUE
999480,228084,TRUE
999480,228084,TRUE
994581,234962,FALSE
1003919,254306,FALSE
989309,219188,TRUE
1002967,231037,TRUE
1002062,247769,TRUE
1000824,244205,FALSE
1000558,232706,TRUE
1001651,236559,FALSE
985274,213756,TRUE
990382,226688,TRUE
998090,239942,FALSE
1000022,242078,TRUE
986296,201173,TRUE
997410,235223,FALSE
986161,199909,FALSE
984112,206087,TRUE
1000177,237677,TRUE
984103,201020,FALSE
989545,213791,TRUE
989545,213791,TRUE
989545,213791,TRUE
989545,213791,TRUE
989545,213791,TRUE
989545,213791,TRUE
989255,219170,TRUE
998443,236258,TRUE
988196,200763,TRUE
987714,214449,FALSE
989322,223428,TRUE
999560,237683,TRUE
990448,201821,FALSE
994387,215307,FALSE
994387,215307,FALSE
1001208,226466,FALSE
1001970,230859,TRUE
998786,230639,FALSE
1000279,237838,FALSE
1000047,239218,TRUE
1001669,247063,TRUE
987445,215705,FALSE
983544,206388,TRUE
983544,206388,TRUE
987167,198798,TRUE
987610,200648,FALSE
989211,222689,TRUE
993767,229085,TRUE
1001951,242784,FALSE
1000892,236607,FALSE
1001611,241370,TRUE
1004892,253548,TRUE
980126,197889,TRUE
980126,197889,TRUE
980126,197889,TRUE
983845,207847,TRUE
987093,215184,FALSE
989186,220604,FALSE
1001391,228226,TRUE
1001963,233039,FALSE
998710,241884,TRUE
999893,241998,TRUE
998785,236283,TRUE
990457,226020,FALSE
990457,226020,FALSE
990457,226020,FALSE
989986,225981,FALSE
1001901,238191,FALSE
987580,209197,FALSE
987445,215705,FALSE
991243,213171,FALSE
992539,218232,FALSE
998942,230034,TRUE
998886,240181,FALSE
994276,218779,TRUE
993626,219051,FALSE
999527,226893,FALSE
988163,209190,FALSE
1001138,228832,FALSE
999041,225257,FALSE
1001990,234969,FALSE
989233,225489,TRUE
989233,225489,TRUE
988434,223286,TRUE
1000693,232546,TRUE
1002526,229992,TRUE
997917,231005,FALSE
998545,236709,FALSE
988755,203781,FALSE
1001711,232497,TRUE
997442,234789,TRUE
988519,214046,FALSE
1001131,234700,TRUE
1001478,241381,FALSE
1002702,248020,FALSE
986844,207373,FALSE
1002584,248715,FALSE
1006637,254786,TRUE
980938,197020,FALSE
988092,214666,TRUE
988092,214666,TRUE
988092,214666,TRUE
989309,219188,TRUE
999490,233556,FALSE
999937,238365,TRUE
998227,235827,FALSE
998227,235827,FALSE
1003713,250751,TRUE
999338,233568,FALSE
986819,214690,FALSE
987705,200207,FALSE
988125,215196,FALSE
988370,211097,FALSE
988370,211097,FALSE
998950,233863,FALSE
981060,195384,FALSE
987915,214202,TRUE
988680,218004,FALSE
987544,216670,FALSE
997903,234693,TRUE
998054,229806,TRUE
996978,233885,FALSE
997844,234794,FALSE
998556,230225,TRUE
1001262,237041,TRUE
1001217,240673,FALSE
1006413,253762,FALSE
1006209,253743,FALSE
997776,227324,FALSE
998786,230639,FALSE
988280,222897,TRUE
998717,230153,FALSE
998717,230153,FALSE
999167,229920,TRUE
992193,228099,FALSE
999818,230267,TRUE
998723,241497,FALSE
997480,237646,FALSE
992982,215784,FALSE
1006928,253482,FALSE
1007195,255170,FALSE
1006950,255061,FALSE
1004367,254624,FALSE
994010,224717,FALSE
994010,224717,FALSE
985779,215009,FALSE
991022,213294,TRUE
999656,230985,FALSE
986061,213320,FALSE
1000344,229070,FALSE
987959,198118,FALSE
997893,234563,TRUE
995026,231397,TRUE
996877,230982,FALSE
986809,215965,FALSE
988394,211711,TRUE
985975,208952,TRUE
989255,219170,TRUE
994911,231399,TRUE
994911,231399,TRUE
988662,212195,FALSE
982985,201714,FALSE
988492,201440,FALSE
992865,218635,FALSE
994393,230323,FALSE
1000236,235189,TRUE
1001958,243197,FALSE
982019,208651,FALSE
988212,214600,FALSE
988212,214600,FALSE
999449,223695,FALSE
999449,223695,FALSE
995661,216136,FALSE
1001775,235861,TRUE
1001775,235861,TRUE
982231,197479,FALSE
984464,205547,TRUE
995951,236124,FALSE
996923,230431,FALSE
997893,234563,FALSE
989574,206434,TRUE
989574,206434,TRUE
989574,206434,TRUE
990833,218234,TRUE
990833,218234,TRUE
990833,218234,TRUE
996625,230538,FALSE
996625,230538,FALSE
996625,230538,FALSE
988425,207559,TRUE
989903,211129,TRUE
999490,233556,FALSE
1003777,250866,FALSE
993743,230900,FALSE
993962,232986,FALSE
1001282,240339,TRUE
1001282,240339,TRUE
1001282,240339,TRUE
1001282,240339,TRUE
1001282,240339,TRUE
1001282,240339,TRUE
998158,235152,TRUE
1001313,239469,TRUE
990835,226602,FALSE
996552,236381,FALSE
997480,237646,FALSE
997480,237646,FALSE
997480,237646,FALSE
997480,237646,FALSE
997480,237646,FALSE
987207,204005,FALSE
985949,218556,FALSE
989457,216100,TRUE
999363,233454,TRUE
984987,207665,TRUE
986771,207874,FALSE
985964,211290,FALSE
989372,218467,FALSE
1000719,229746,TRUE
998533,230791,FALSE
1007027,253574,FALSE
1003194,249262,TRUE
987550,216089,FALSE
987550,216089,FALSE
987550,216089,FALSE
987550,216089,FALSE
987550,216089,FALSE
988924,222509,FALSE
990833,218234,TRUE
1001202,229197,TRUE
999167,229920,TRUE
996216,221621,TRUE
1003502,230462,TRUE
1003502,230462,TRUE
1003012,252379,TRUE
995035,216480,TRUE
1000622,235883,FALSE
1000622,235883,FALSE
990946,216319,TRUE
1001641,233513,TRUE
989079,204363,TRUE
1001799,247298,FALSE
1000898,229914,FALSE
1000898,229914,FALSE
996253,235104,FALSE
996253,235104,FALSE
996253,235104,FALSE
1000823,244651,TRUE
988900,217152,FALSE
1001264,232832,FALSE
1000328,230176,TRUE
998614,239692,TRUE
988353,217918,FALSE
996201,235336,TRUE
1003970,251215,FALSE
987639,212445,TRUE
996253,235104,FALSE
986921,201302,TRUE
986331,214892,FALSE
986331,214892,FALSE
990391,224848,FALSE
991667,229123,TRUE
996423,237592,FALSE
996423,237592,FALSE
996423,237592,FALSE
998819,234487,FALSE
997839,225593,TRUE
1000213,228833,FALSE
1000213,228833,FALSE
988669,216684,FALSE
1001262,231551,FALSE
988511,215874,TRUE
988511,215874,TRUE
988511,215874,TRUE
988511,215874,TRUE
988511,215874,TRUE
1001947,248999,FALSE
1001947,248999,FALSE
982415,207579,FALSE
984792,211030,FALSE
992653,227891,TRUE
989699,205397,TRUE
988661,207985,FALSE
985694,217460,TRUE
1001998,230591,TRUE
999116,230678,TRUE
998607,229184,FALSE
987567,206503,TRUE
1002318,248233,FALSE
987738,215749,FALSE
988239,215587,FALSE
984579,202693,TRUE
994124,229041,FALSE
997483,230389,FALSE
989928,210273,TRUE
983781,209204,TRUE
997938,227233,TRUE
998166,228811,TRUE
997259,234108,TRUE
987466,215861,TRUE
987466,215861,TRUE
1001264,232832,FALSE
1001958,243197,TRUE
988312,215690,FALSE
1005067,253188,FALSE
1006899,255037,FALSE
1000413,240964,FALSE
986795,203149,TRUE
1002655,230230,TRUE
1000402,227669,TRUE
984232,206302,FALSE
990406,202058,FALSE
986320,213788,TRUE
989166,215214,TRUE
984940,198168,FALSE
996043,236523,FALSE
982205,198160,FALSE
1002143,230804,FALSE
998345,240439,FALSE
996043,236523,FALSE
996043,236523,FALSE
987178,203597,TRUE
988279,215770,TRUE
988993,218612,TRUE
987303,204062,TRUE
997819,233460,TRUE
996226,230815,TRUE
1003466,250306,FALSE
997260,232213,TRUE
1005857,254467,FALSE
999856,234503,TRUE
1000236,235189,TRUE
999729,234275,TRUE
997260,232213,TRUE
1006378,254721,TRUE
980577,195741,FALSE
997733,238102,FALSE
999064,232906,FALSE
1000973,245579,FALSE
984745,214661,FALSE
989384,205189,FALSE
988135,208912,TRUE
1003372,248278,FALSE
998300,230370,TRUE
988002,214967,TRUE
999363,226710,TRUE
984194,208086,FALSE
1002134,229290,TRUE
1004330,254695,TRUE
996986,237537,FALSE
996986,237537,FALSE
989602,223425,TRUE
997975,227484,FALSE
988257,215427,FALSE
998866,226801,FALSE
1001667,229044,FALSE
1001592,228694,TRUE
999656,230985,TRUE
991405,225155,TRUE
991405,225155,TRUE
991405,225155,TRUE
1001262,237041,TRUE
1001592,228694,TRUE
1007190,253954,TRUE
1000414,230242,TRUE
999537,232842,FALSE
994098,231431,FALSE
993767,229085,TRUE
987060,207176,TRUE
999969,236564,TRUE
993767,229085,TRUE
984540,204531,FALSE
984540,204531,FALSE
1001192,229319,TRUE
999969,236564,TRUE
984291,210239,TRUE
986744,210224,FALSE
986744,210224,FALSE
992066,227872,FALSE
991565,226823,TRUE
999835,241780,FALSE
985948,215081,FALSE
985948,215081,FALSE
992066,227872,FALSE
1001369,232514,TRUE
998130,223615,FALSE
1007061,255791,FALSE
995453,230274,FALSE
991952,212459,TRUE
990265,220914,FALSE
990645,221598,FALSE
998980,229053,TRUE
987054,213302,FALSE
985948,215081,FALSE
987078,215157,FALSE
988668,214446,FALSE
992295,217702,FALSE
1000841,239991,FALSE
1000051,244374,TRUE
1002381,230885,FALSE
991774,217461,FALSE
991774,217461,FALSE
991774,217461,FALSE
998004,223387,FALSE
988619,216087,FALSE
998335,234068,FALSE
998335,234068,FALSE
998571,232185,TRUE
997901,229891,TRUE
986019,207423,FALSE
1001575,232339,FALSE
997698,239647,FALSE
988621,201165,FALSE
988621,201165,FALSE
987610,200648,FALSE
999603,234048,TRUE
998335,234068,FALSE
1002727,230933,TRUE
990959,202149,TRUE
1006544,254481,TRUE
1007150,255092,FALSE
989474,221991,FALSE
984946,200203,FALSE
984946,200203,FALSE
984946,200203,FALSE
984946,200203,FALSE
1001401,238985,TRUE
1003436,230590,TRUE
999668,239163,TRUE
999391,236502,FALSE
989792,224853,TRUE
1004852,255206,FALSE
1004852,255206,FALSE
987093,215184,FALSE
994244,233656,FALSE
987969,200865,FALSE
994544,228641,TRUE
1000771,235737,TRUE
1000834,228492,TRUE
1000125,225909,FALSE
1000190,227329,TRUE
1000329,226031,TRUE
1000329,226031,TRUE
987866,214721,TRUE
989675,213911,TRUE
1006413,253762,FALSE
986727,212657,FALSE
987543,201115,FALSE
992973,217718,TRUE
1000675,229319,TRUE
1000675,229319,TRUE
987078,215157,FALSE
1002958,230531,FALSE
1002958,230531,FALSE
999937,238365,FALSE
980588,194819,FALSE
980588,194819,FALSE
980588,194819,FALSE
986830,215357,FALSE
985764,216606,FALSE
980964,198598,FALSE
985679,213954,FALSE
984071,209615,FALSE
1000322,234187,TRUE
997412,230102,FALSE
1002958,230531,FALSE
992627,227800,FALSE
992627,227800,FALSE
999169,223936,TRUE
988125,222574,FALSE
989812,202713,FALSE
990664,213169,FALSE
991800,228317,FALSE
991800,228317,FALSE
997978,241281,FALSE
1001621,233861,FALSE
982085,206061,TRUE
997725,235685,TRUE
1001920,241680,FALSE
985657,214450,FALSE
1005760,254761,FALSE
987847,216543,FALSE
997892,232981,FALSE
987626,221134,TRUE
987180,203846,TRUE
1002572,247783,TRUE
1002572,247783,TRUE
1002572,247783,TRUE
1000554,230994,FALSE
989798,216357,TRUE
999686,228929,FALSE
992063,228791,FALSE
983104,199065,TRUE
993667,229320,TRUE
988257,215427,TRUE
1002889,250348,FALSE
983933,203515,FALSE
985694,205817,FALSE
985694,205817,FALSE
997900,226362,TRUE
997900,226362,TRUE
997900,226362,TRUE
1001272,242003,TRUE
987963,208829,FALSE
999308,237228,TRUE
1003162,249202,TRUE
999255,241801,TRUE
998773,229487,FALSE
988945,222244,FALSE
998101,226069,TRUE
996975,233966,TRUE
987124,215351,TRUE
991823,217326,FALSE
991823,217326,FALSE
991823,217326,FALSE
991823,217326,FALSE
991823,217326,FALSE
984464,205547,TRUE
1001325,231976,FALSE
986627,214456,FALSE
982800,201892,FALSE
993959,231180,FALSE
982800,201892,FALSE
999688,239772,TRUE
999063,240614,TRUE
987468,200877,TRUE
1000213,234653,TRUE
997871,225745,TRUE
1001369,232514,TRUE
1003806,249920,TRUE
1000213,234653,TRUE
985323,210128,FALSE
994010,224717,FALSE
989227,223283,FALSE
983036,203069,FALSE
987139,209443,FALSE
987190,209094,FALSE
991800,228317,FALSE
989211,222689,TRUE
988647,216019,TRUE
1001446,239695,TRUE
1001446,239695,TRUE
1000029,242245,FALSE
995772,221867,TRUE
993836,229450,FALSE
993055,230661,FALSE
991925,228547,FALSE
993383,228393,TRUE
986009,214976,FALSE
986009,214976,FALSE
984888,217625,TRUE
984888,217625,TRUE
984888,217625,TRUE
997449,226957,FALSE
996007,238445,TRUE
987395,214919,TRUE
998971,235475,TRUE
1002291,247682,FALSE
988655,209961,FALSE
991641,225139,FALSE
1000784,231234,TRUE
1000558,230460,TRUE
1001958,243197,TRUE
998903,225003,FALSE
1001837,238520,FALSE
998338,233460,TRUE
1001008,236583,TRUE
1001008,236583,TRUE
1003815,248595,TRUE
987348,215760,FALSE
987030,218784,FALSE
1000966,228728,TRUE
997358,233065,TRUE
997358,233065,TRUE
997358,233065,TRUE
990987,202820,FALSE
1000773,235970,FALSE
1001412,240917,TRUE
1005257,254111,TRUE
1001260,236872,TRUE
1008460,257306,FALSE
998873,240044,FALSE
1002381,230885,TRUE
1000190,227329,TRUE
1000190,227329,TRUE
997773,231436,FALSE
983992,198249,FALSE
989181,219764,FALSE
983695,214641,TRUE
989956,224695,TRUE
988474,222839,TRUE
988474,222839,TRUE
990915,229110,TRUE
990054,200014,FALSE
986196,205126,FALSE
986196,205126,FALSE
1002538,248716,TRUE
998133,223506,TRUE
998133,223506,TRUE
1007180,255261,FALSE
1001143,237357,FALSE
983107,203714,FALSE
984635,206042,FALSE
992717,227232,TRUE
1000973,245579,TRUE
999342,233575,FALSE
999342,233575,FALSE
1002621,248781,TRUE
998925,237439,TRUE
989545,213791,FALSE
989545,213791,FALSE
989545,213791,FALSE
989545,213791,FALSE
987078,215157,TRUE
982775,205254,FALSE
996173,224700,FALSE
985364,209015,FALSE
985902,203709,FALSE
999492,238360,FALSE
983444,206482,FALSE
996461,235548,TRUE
987400,221308,FALSE
987400,221308,FALSE
997839,225593,FALSE
997557,233004,FALSE
1003032,248092,TRUE
994010,224717,FALSE
994010,224717,FALSE
994610,232237,FALSE
990492,204809,FALSE
998884,228395,TRUE
1001262,237041,TRUE
988029,208946,FALSE
991969,227999,TRUE
989930,208800,FALSE
988668,214446,FALSE
996611,232248,TRUE
1000234,233081,FALSE
1001745,239785,FALSE
996089,231418,FALSE
987935,220417,TRUE
983701,201873,FALSE
983701,201873,FALSE
983701,201873,FALSE
984194,206117,FALSE
998196,231506,FALSE
987935,220417,TRUE
998874,237261,FALSE
1002079,248520,TRUE
998133,234605,FALSE
991686,227185,TRUE
996549,223269,FALSE
988811,200856,FALSE
1001309,234827,TRUE
997324,239218,TRUE
983191,213710,TRUE
1001947,245708,TRUE
987072,215262,TRUE
998711,219904,FALSE
986538,201076,FALSE
1001825,228956,TRUE
1002277,233693,TRUE
998434,225988,FALSE
999209,226791,FALSE
999209,226791,FALSE
999209,226791,FALSE
1002242,248904,TRUE
1000234,233081,FALSE
987478,201620,FALSE
995862,232194,FALSE
997071,238760,TRUE
999242,242681,FALSE
990164,209349,FALSE
998556,230225,TRUE
1001963,233039,TRUE
999136,225644,FALSE
998940,228642,TRUE
991022,213294,FALSE
997073,238764,TRUE
983189,202849,FALSE
1000757,229593,TRUE
983781,209204,FALSE
1005037,254447,FALSE
983104,199065,FALSE
996981,237108,TRUE
984494,203976,FALSE
989058,219209,FALSE
989058,219209,FALSE
1002942,249362,FALSE
1000507,240742,FALSE
987934,214961,TRUE
984642,203280,FALSE
999110,235350,FALSE
1004044,253365,FALSE
997690,234550,FALSE
998113,230746,TRUE
987093,215184,TRUE
983478,206559,TRUE
998506,228744,TRUE
999503,243153,FALSE
1000467,230879,FALSE
998506,228744,TRUE
998506,228744,TRUE
1000467,230879,FALSE
993177,231906,FALSE
1000855,229883,FALSE
1004540,253115,TRUE
986893,215918,FALSE
986105,207086,TRUE
993903,221648,TRUE
998351,231603,FALSE
994270,229723,TRUE
995779,231099,TRUE
991054,200899,FALSE
988610,209997,FALSE
999115,228700,FALSE
999389,241090,TRUE
999271,241495,TRUE
999755,230544,FALSE
989337,223270,TRUE
989337,223270,TRUE
1000646,225944,FALSE
1001577,234452,FALSE
996843,224328,FALSE
1001648,245354,TRUE
1001541,245412,TRUE
990165,202726,TRUE
1001315,226526,TRUE
999656,236691,TRUE
1001260,236872,TRUE
1002456,248809,FALSE
986170,215374,FALSE
986170,215374,FALSE
1002942,249595,FALSE
1000370,228710,FALSE
1000370,228710,FALSE
1001466,244840,FALSE
1003153,230466,FALSE
993628,229582,TRUE
987567,214823,FALSE
983237,204996,FALSE
998819,234487,FALSE
986832,219746,FALSE
986371,215488,TRUE
1000422,234537,FALSE
997462,235280,FALSE
986291,215593,TRUE
989430,205470,FALSE
998291,233536,FALSE
985104,206387,FALSE
983985,205857,TRUE
999027,241629,FALSE
1003713,250751,FALSE
1001402,241204,FALSE
988963,205854,FALSE
1005717,254005,FALSE
986303,207327,TRUE
1003851,250093,FALSE
982485,197015,FALSE
982326,196847,FALSE
1002173,231983,TRUE
1003725,249865,TRUE
1000101,236638,FALSE
984112,206087,TRUE
996050,235176,TRUE
987522,210136,FALSE
999126,233632,FALSE
1001587,247352,TRUE
1001994,247847,TRUE
1001516,248500,TRUE
998641,236979,TRUE
1003449,249367,FALSE
986370,213212,FALSE
1000414,230242,TRUE
996080,233261,TRUE
995363,221129,FALSE
1003230,250475,FALSE
985412,200370,FALSE
985412,200370,FALSE
985412,200370,FALSE
985412,200370,FALSE
985412,200370,FALSE
1000931,248010,FALSE
995179,230726,FALSE
981916,197778,FALSE
988712,210302,FALSE
1001738,247411,TRUE
1001738,247411,TRUE
989329,224786,FALSE
989031,221620,FALSE
1006675,253025,FALSE
1004500,250318,FALSE
1000562,230423,TRUE
992200,229037,TRUE
999603,234048,TRUE
1001315,226526,FALSE
1000885,226766,FALSE
988650,214286,TRUE
989494,224090,TRUE
986074,211377,TRUE
982576,203196,FALSE
986814,207702,FALSE
986976,198790,FALSE
987050,201333,FALSE
998044,225879,FALSE
1003680,226789,TRUE
1001612,235038,TRUE
1001338,229397,TRUE
991798,203767,TRUE
991798,203767,TRUE
991798,203767,TRUE
1001733,234502,TRUE
999643,228852,FALSE
988075,203102,FALSE
987553,216745,FALSE
988370,211097,FALSE
988636,211321,FALSE
988636,211321,FALSE
999265,231458,FALSE
999602,227841,FALSE
999125,227918,TRUE
994170,227958,FALSE
987215,215403,FALSE
986310,214128,FALSE
986310,214128,FALSE
986310,214128,FALSE
988578,205412,FALSE
1000961,225757,TRUE
997683,238905,FALSE
984565,206401,TRUE
987452,215013,TRUE
988773,216067,FALSE
984772,203713,FALSE
984772,203713,FALSE
986743,215404,FALSE
990835,226602,FALSE
998113,230746,TRUE
998113,230746,TRUE
1002349,231337,TRUE
999698,236075,TRUE
989673,216129,TRUE
989673,216129,TRUE
990242,216745,TRUE
989673,216129,TRUE
989673,216129,TRUE
992348,224670,TRUE
992348,224670,TRUE
991434,224874,TRUE
996748,237239,TRUE
1001615,229899,FALSE
996630,234920,FALSE
999895,226976,TRUE
1000958,241731,FALSE
1002234,248196,FALSE
1002234,248196,FALSE
1002234,248196,FALSE
1002234,248196,FALSE
1002234,248196,FALSE
1002234,248196,FALSE
999895,226976,TRUE
1001264,232832,TRUE
989112,209843,TRUE
986480,203517,FALSE
1006422,252572,FALSE
999167,229920,TRUE
999167,229920,TRUE
987407,201985,FALSE
998820,240170,FALSE
1000073,238446,TRUE
996630,234920,FALSE
987748,200967,FALSE
1004366,254607,TRUE
1004366,254607,TRUE
1004366,254607,TRUE
986865,212800,FALSE
998971,235475,FALSE
1000244,243587,FALSE
983463,201695,FALSE
988196,200763,TRUE
1001088,228949,TRUE
998445,231956,TRUE
988272,222468,FALSE
1001854,232247,TRUE
1000343,240526,TRUE
995794,236458,TRUE
983859,205623,FALSE
997615,222684,FALSE
989207,222394,TRUE
998164,233307,TRUE
987642,212435,TRUE
990797,228874,TRUE
1000846,226964,TRUE
987093,215184,FALSE
989536,208228,FALSE
987064,214986,FALSE
995772,236417,TRUE
1002961,250623,TRUE
1002961,250623,TRUE
1002961,250623,TRUE
987093,215184,FALSE
1003698,248279,TRUE
988116,204114,TRUE
988116,204114,TRUE
985048,202430,FALSE
999546,235640,FALSE
1001059,243150,TRUE
989224,212513,FALSE
998746,229343,FALSE
983922,205740,TRUE
988540,213108,FALSE
988540,213108,FALSE
988540,213108,FALSE
988540,213108,FALSE
988540,213108,FALSE
989929,212378,FALSE
989929,212378,FALSE
989929,212378,FALSE
989929,212378,FALSE
989929,212378,FALSE
987714,214449,FALSE
1000576,227228,FALSE
987940,208893,FALSE
1001817,239710,FALSE
1000910,226340,FALSE
1001574,246465,TRUE
981832,204578,FALSE
987866,214721,TRUE
986525,217872,TRUE
984792,211030,FALSE
990975,209014,TRUE
988563,210025,TRUE
981832,204578,FALSE
990975,209014,TRUE
998925,232655,FALSE
986109,217014,TRUE
1001392,246066,TRUE
1001624,239556,TRUE
989216,204612,FALSE
988029,208946,FALSE
1001684,228892,FALSE
1000864,229504,FALSE
980912,194910,FALSE
985189,197764,FALSE
988561,201096,FALSE
980912,194910,FALSE
999139,240636,TRUE
998350,241071,TRUE
996042,232604,FALSE
989085,205728,FALSE
1004283,251899,FALSE
989681,210158,FALSE
989681,210158,FALSE
989309,219188,FALSE
991070,226192,FALSE
1000554,230994,FALSE
1000554,230994,FALSE
1002013,230508,TRUE
993702,228149,TRUE
997729,238995,TRUE
996510,238442,TRUE
1002013,230508,TRUE
993702,228149,TRUE
988413,209640,TRUE
996510,238442,TRUE
1001172,249397,FALSE
988397,209501,TRUE
989803,210047,TRUE
999954,229627,FALSE
998950,232870,FALSE
1000370,233327,TRUE
1000414,230242,FALSE
982738,204868,TRUE
982738,204868,TRUE
989186,220604,TRUE
998029,227782,TRUE
1001786,229201,FALSE
1006413,253762,FALSE
999742,229725,FALSE
1000089,229769,FALSE
1001860,233280,FALSE
1007180,255261,FALSE
988718,199114,TRUE
1001092,227216,FALSE
991159,203234,FALSE
990448,201821,TRUE
1001137,236815,TRUE
999688,239772,FALSE
987468,202927,TRUE
993225,214758,TRUE
994170,227958,FALSE
992088,224770,FALSE
985275,207543,FALSE
985275,207543,FALSE
991702,213363,FALSE
998130,223615,FALSE
998130,223615,FALSE
998130,223615,FALSE
998555,234012,FALSE
984792,211030,FALSE
989485,210518,TRUE
985803,201394,FALSE
1001337,243596,FALSE
1001179,236150,TRUE
988601,203507,TRUE
989014,210439,FALSE
996343,231877,FALSE
986722,214627,TRUE
991332,214912,TRUE
991332,214912,TRUE
983986,211997,FALSE
999557,245700,FALSE
987660,214517,TRUE
991177,224976,TRUE
988114,220995,TRUE
998971,235475,TRUE
987676,223400,FALSE
998971,235475,TRUE
998248,235453,FALSE
1001112,238628,FALSE
986713,212638,TRUE
998248,235453,FALSE
983968,205325,FALSE
1000858,230108,TRUE
1000858,230108,TRUE
993225,230105,FALSE
993191,217297,TRUE
993191,217297,TRUE
982347,205705,TRUE
991969,227999,FALSE
989227,223283,FALSE
1001461,229730,TRUE
997305,239346,FALSE
986767,198315,FALSE
1001235,231814,FALSE
989347,220487,FALSE
986738,202922,FALSE
986738,202922,FALSE
986738,202922,FALSE
993352,229417,FALSE
987341,215631,FALSE
987341,215631,FALSE
987341,215631,FALSE
997387,240371,FALSE
1001521,236941,TRUE
997387,240371,FALSE
1004498,252974,FALSE
987914,204631,FALSE
990589,221541,TRUE
987034,206937,TRUE
997677,231823,FALSE
990589,221541,TRUE
1002204,231325,TRUE
1002204,231325,TRUE
1001343,240901,FALSE
992960,230413,TRUE
992960,230413,TRUE
1000958,241731,TRUE
986587,213680,TRUE
986587,213680,TRUE
1000958,241731,TRUE
985400,219092,FALSE
985400,219092,FALSE
999505,228758,TRUE
1001623,228367,FALSE
993788,230089,TRUE
993788,230089,TRUE
999755,243608,TRUE
999785,227946,FALSE
981442,199546,FALSE
988900,217152,FALSE
984513,210041,TRUE
985298,203730,FALSE
993788,230089,TRUE
993788,230089,TRUE
993788,230089,TRUE
993788,230089,TRUE
998485,240143,FALSE
998485,240143,FALSE
1000521,226021,FALSE
983312,206551,FALSE
983478,206559,FALSE
991204,201178,FALSE
1001479,229653,TRUE
986124,206558,TRUE
1006422,254803,TRUE
998448,240258,FALSE
990703,217986,FALSE
990833,218234,FALSE
997790,234072,FALSE
994926,229324,TRUE
994926,229324,TRUE
994926,229324,TRUE
1001469,241128,FALSE
990860,208942,FALSE
990860,208942,FALSE
1000725,243546,TRUE
990973,212682,TRUE
990973,212682,TRUE
999516,241317,TRUE
999516,241317,TRUE
986554,216067,FALSE
998297,233807,FALSE
999368,238880,TRUE
999368,238880,TRUE
997364,230509,TRUE
1001272,242003,FALSE
1000851,238155,FALSE
1008010,256689,FALSE
1008010,256689,FALSE
